model,f1_train_default,f1_test_default,best_threshold,f1_test_best_thr
XGBoost,0.9984274256958642,0.9933774834437086,0.52,0.9937430990062569
