Method,ACC,PREC,TPR,F1,FNR,FPR,AUC
BoW,0.9995,0.9995,0.9991,0.9993,0.0009212344541685859,0.000259000259000259,0.9998
TF-IDF,0.9997,1.0,0.9991,0.9995,0.0009212344541685859,0.0,0.9998
Word2Vec,0.9978,0.9963,0.9977,0.997,0.0023030861354214646,0.002072002072002072,1.0
FastText,0.994,0.9917,0.9917,0.9917,0.008291110087517274,0.004662004662004662,0.9998
BERT,0.9995,0.9991,0.9995,0.9993,0.00046061722708429296,0.000518000518000518,1.0
Ours,0.9998,1.0,0.9995,0.9998,0.00046061722708429296,0.0,1.0
